{
	"enabled" : true,
    "context" : "client",
    "identifier" : "com.stuart98.desertrevamp.client",
    "display_name" : "Desert Revamp Expansion (Client)",
    "description" : "Replaces the sandbox biome with the good old deserts from alpha/early beta. Client side portion of mod, allows planets to be made in system editor and contains textures for the rock formations.",
    "author" : "Stuart98",
    "version" : "0.0.1",
    "signature" : "not yet implemented",
    "date": "2014/08/05",
    "category": [
    	"system editor"
    ],
    "priority": 100,
    "system_editor":  [
    	"coui://ui/mods/desertrevamp/desertrevamp.js"
    ]
}